{"cameraMode":{"drawMode":0,"name":"Shaded","section":"Shading Mode"},"sceneLighting":true,"audioPlay":false,"sceneViewState":{"m_AlwaysRefresh":false,"showFog":true,"showSkybox":true,"showFlares":true,"showImageEffects":true,"showParticleSystems":true,"showVisualEffectGraphs":true,"m_FxEnabled":true},"in2DMode":false,"pivot":{"x":0.9455208778381348,"y":2.1483004093170168,"z":0.09999129176139832},"rotation":{"x":0.2125423699617386,"y":-0.5792062878608704,"z":0.15930666029453278,"w":0.7708460092544556},"size":1.0399553775787354,"orthographic":false}