{"cameraMode":{"drawMode":0,"name":"Shaded","section":"Shading Mode"},"sceneLighting":true,"audioPlay":false,"sceneViewState":{"m_AlwaysRefresh":false,"showFog":true,"showSkybox":true,"showFlares":true,"showImageEffects":true,"showParticleSystems":true,"showVisualEffectGraphs":true,"m_FxEnabled":true},"in2DMode":false,"pivot":{"x":0.1942836046218872,"y":0.649240255355835,"z":-1.1527138948440552},"rotation":{"x":0.18864281475543977,"y":-0.811143696308136,"z":0.40418922901153567,"w":0.37843436002731326},"size":1.947697401046753,"orthographic":false}