{"cameraMode":{"drawMode":0,"name":"Shaded","section":"Shading Mode"},"sceneLighting":true,"audioPlay":false,"sceneViewState":{"m_AlwaysRefresh":false,"showFog":true,"showSkybox":true,"showFlares":true,"showImageEffects":true,"showParticleSystems":true,"showVisualEffectGraphs":true,"m_FxEnabled":true},"in2DMode":false,"pivot":{"x":-1.144842267036438,"y":3.091177463531494,"z":-5.829174518585205},"rotation":{"x":-0.2073182463645935,"y":-0.16149172186851502,"z":0.03497782722115517,"w":-0.9643034338951111},"size":0.026168979704380037,"orthographic":false}