{"cameraMode":{"drawMode":0,"name":"Shaded","section":"Shading Mode"},"sceneLighting":true,"audioPlay":false,"sceneViewState":{"m_AlwaysRefresh":false,"showFog":true,"showSkybox":true,"showFlares":true,"showImageEffects":true,"showParticleSystems":true,"showVisualEffectGraphs":true,"m_FxEnabled":true},"in2DMode":false,"pivot":{"x":1.0641446113586426,"y":3.7068538665771486,"z":6.433563232421875},"rotation":{"x":0.028929347172379495,"y":-0.9649989008903503,"z":0.11955654621124268,"w":0.2319103181362152},"size":0.18256619572639466,"orthographic":false}